<?xml version="1.0" encoding="UTF-8"?>
<?xml-stylesheet type="text/xsl" href="arq2html.xsl" ?>
<doc>
   <prov>Beira Baixa</prov>
   <local>Lousa, Castelo Branco</local>
   <tit>Alvíssaras à Ressureição; Domingo de Páscoa</tit>
   <inst>Ms</inst>
   <obs>saturação</obs>
   <obs>
Partitura, versão curta
<file t="SWA">audiocurswa/1403evo1.swa</file>
      <file t="MP3">audiocurmp3/1403evo1.mp3</file>
(0'46'')
<intxt>Pandeiros</intxt>
   </obs>
   <file t="MP3">d1/evo132.mp3</file>
   <duracao>1:37</duracao>
</doc>
