<?xml version="1.0" encoding="UTF-8"?>
<?xml-stylesheet type="text/xsl" href="arq2html.xsl" ?>
<doc>
   <prov>Minho</prov>
   <local>Arnóia, Celorico de Basto</local>
   <tit>Vareira</tit>
   <inst>
Festada de Arnóia Rabeca; violão assurdinado; violão solto; viola braguesa, bombo, ferrinhos
</inst>
   <obs>
Partitura, versão curta
<file t="SWA">audiocurswa/0701evo1.swa</file>
      <file t="MP3">audiocurmp3/0701evo1.mp3</file>
(1'45'')
<intxt>Chula</intxt>
   </obs>
   <obs>distorção na voz</obs>
   <file t="MP3">d1/evo139.mp3</file>
   <duracao>7:01</duracao>
</doc>
