<?xml version="1.0" encoding="UTF-8"?>
<?xml-stylesheet type="text/xsl" href="arq2html.xsl" ?>
<doc>
   <prov>Beira Baixa</prov>
   <local>Póvoa da Atalaia</local>
   <tit>O Virgem das necessidades</tit>
   <musico>
Maria de Gertrudes Nabais (adufe); Francisco Lourenço Carronco (flauta); Maria de Jesus Xavier Abelho (canto)
</musico>
   <obs>
Partitura, versão curta
<file t="SWA">audiocurswa/1105evo1.swa</file>
      <file t="MP3">audiocurmp3/1105evo1.mp3</file>
(0'43'')
<intxt>Flautas e ocarina</intxt>
   </obs>
   <file t="MP3">d1/evo113e1.mp3</file>
   <duracao>1:11</duracao>
</doc>
