<?xml version="1.0" encoding="UTF-8"?>
<?xml-stylesheet type="text/xsl" href="arq2html.xsl" ?>
<doc>
   <prov>Beira Baixa</prov>
   <local>Lousa, Castelo Branco</local>
   <tit>
Dança das oito virgens; em honra da Senhora dos Altos Céus
</tit>
   <inst>guitarra</inst>
   <obs>
Partitura, versão curta
<file t="SWA">audiocurswa/0302evo1.swa</file>
      <file t="MP3">audiocurmp3/0302evo1.mp3</file>
(0'25'')
<intxt>Viola Beiroa</intxt>
   </obs>
   <file t="MP3">d1/evo129.mp3</file>
   <duracao>3:11</duracao>
</doc>
