<?xml version="1.0" encoding="UTF-8"?>
<?xml-stylesheet type="text/xsl" href="arq2html.xsl" ?>
<doc>
   <prov>Beira Baixa</prov>
   <local>Lousa, Castelo Branco</local>
   <tit>
Dança dos Homens; dedicada a Nª Senhora dos Altos Céus
</tit>
   <inst>Genebres; viola; pandeireta</inst>
   <obs>
Partitura, versão curta
<file t="SWA">audiocurswa/0301evo1.swa</file>
      <file t="MP3">audiocurmp3/0301evo1.mp3</file>
(0'23'')
<intxt>Viola Beiroa</intxt>
   </obs>
   <file t="MP3">d1/evo127.mp3</file>
   <duracao>2:16</duracao>
</doc>
