<?xml version="1.0" encoding="UTF-8"?>
<?xml-stylesheet type="text/xsl" href="arq2html.xsl" ?>
<doc>
   <prov>Beira Baixa</prov>
   <local>Malpica do Tejo</local>
   <tit>Vitória</tit>
   <musico>
João dos Reis
<prof>pastor</prof>
(flauta);Lucrécia Marques (pandeiro);Conceição Marques (canto)
</musico>
   <obs>
Partitura, versão curta
<file t="SWA">audiocurswa/1104evo1.swa</file>
      <file t="MP3">audiocurmp3/1104evo1.mp3</file>
(0'49'')
<intxt>Flautas e ocarina</intxt>
   </obs>
   <file t="MP3">d1/evo103.mp3</file>
   <duracao>2:00</duracao>
</doc>
