<?xml version="1.0" encoding="UTF-8"?>
<?xml-stylesheet type="text/xsl" href="arq2html.xsl" ?>
<doc>
   <prov>Minho</prov>
   <local>Ferreiros, Braga</local>
   <tit>Meu cavaquinho</tit>
   <musico>
Bernardino da Silva (cavaquinho); Manuel da Silva (violão)
</musico>
   <obs>
Partitura, versão curta
<file t="SWA">audiocurswa/0502evo1.swa</file>
      <file t="MP3">audiocurmp3/0502evo1.mp3</file>
(0'32'')
<intxt>Cavaquinho</intxt>
   </obs>
   <file t="MP3">d1/evo149.mp3</file>
   <duracao>1:59</duracao>
</doc>
