<?xml version="1.0" encoding="UTF-8"?>
<?xml-stylesheet type="text/xsl" href="arq2html.xsl" ?>
<doc>
   <prov>Trás os Montes</prov>
   <local>Ifanes, Miranda do Douro</local>
   <tit>Mira-me Miguel</tit>
   <musico>José João da Igreja (gaita de foles)</musico>
   <obs>
Partitura, versão curta
<file t="SWA">audiocurswa/1004evo1.swa</file>
      <file t="MP3">audiocurmp3/1004evo1.mp3</file>
(0'46'')
<intxt>Gaita de foles e palheta</intxt>
   </obs>
   <file t="MP3">d1/evo164.mp3</file>
   <duracao>1:15</duracao>
</doc>
