<?xml version="1.0" encoding="UTF-8"?>
<?xml-stylesheet type="text/xsl" href="arq2html.xsl" ?>
<doc>
   <prov>Alentejo</prov>
   <local>Barrancos</local>
   <tit>Vivo da festa de Santa Maria; Alvorada</tit>
   <musico>António Torrado Rodrigues (Tamboril e Pífaro)</musico>
   <obs>
Partitura, versão curta
<file t="SWA">audiocurswa/1103evo0.swa</file>
      <file t="MP3">audiocurmp3/1103evo0.mp3</file>
(0'40'')
<intxt>Flautas e ocarina</intxt>
   </obs>
   <file t="MP3">d1/evo017.mp3</file>
   <duracao>1:43</duracao>
</doc>
