<?xml version="1.0" encoding="UTF-8"?>
<?xml-stylesheet type="text/xsl" href="arq2html.xsl" ?>
<doc>
   <prov>Douro Litoral</prov>
   <local>Tabuado, M. de</local>
   <tit>Chula de Tabuado</tit>
   <inst>
Rabeca; viola; violão assurdinado; bombo; ferrinhos; cantadeira
</inst>
   <obs>
Partitura, versão curta
<file t="SWA">audiocurswa/0702evo1.swa</file>
      <file t="MP3">audiocurmp3/0702evo1.mp3</file>
      <intxt>Chula</intxt>
   </obs>
   <file t="MP3">d1/evo145.mp3</file>
   <duracao>6:53</duracao>
</doc>
