<?xml version="1.0" encoding="UTF-8"?>
<?xml-stylesheet type="text/xsl" href="arq2html.xsl" ?>
<doc>
   <prov>Douro Litoral</prov>
   <local>Gouve, Baião</local>
   <tit>Chula de Gouve</tit>
   <musico>Joaquim Cardoso da Silva (flauta de cana)</musico>
   <obs>
Partitura, versão curta
<file t="SWA">audiocurswa/1106evo2.swa</file>
      <file t="MP3">audiocurmp3/1106evo2.mp3</file>
a
<intxt>Flautas e ocarina</intxt>
   </obs>
   <file t="MP3">d1/evo200a.mp3</file>
   <duracao>1:37</duracao>
</doc>
