<?xml version="1.0" encoding="UTF-8"?>
<?xml-stylesheet type="text/xsl" href="arq2html.xsl" ?>
<doc>
   <prov>Trás os Montes</prov>
   <local>Moimenta de Vinhais</local>
   <tit>Li la ré com os 5 sentidos</tit>
   <musico>Maria Gordilha (pandeiro)</musico>
   <obs>
Partitura, versão curta
<file t="SWA">audiocurswa/1402evo2.swa</file>
      <file t="MP3">audiocurmp3/1402evo2.mp3</file>
(0'40'')
<intxt>Pandeiros</intxt>
   </obs>
   <file t="MP3">d1/evo257.mp3</file>
   <duracao>3:36</duracao>
</doc>
