<?xml version="1.0" encoding="UTF-8"?>
<?xml-stylesheet type="text/xsl" href="arq2html.xsl" ?>
<doc>
   <prov>Trás os Montes</prov>
   <local>Moimenta de Vinhais</local>
   <tit>Toque de pandeiro e ferranholas</tit>
   <musico>Felismina de Jesus Sampaio</musico>
   <obs>
Partitura, versão curta
<file t="SWA">audiocurswa/1401evo2.swa</file>
      <file t="MP3">audiocurmp3/1401evo2.mp3</file>
(0'17'')
<intxt>Pandeiros</intxt>
   </obs>
   <file t="MP3">d1/evo251.mp3</file>
   <duracao>0:23</duracao>
</doc>
