<?xml version="1.0" encoding="UTF-8"?>
<?xml-stylesheet type="text/xsl" href="arq2html.xsl" ?>
<doc>
   <prov>Trás os Montes</prov>
   <local>Constantim, Miranda do Douro</local>
   <tit>
Toque do peditório; da esmola pelo povo, a acompanhar a dança dos pauliteiros pelas portas
</tit>
   <musico>José Francisco Pires (tamboril e flauta)</musico>
   <obs>
Partitura, versão curta
<file t="SWA">audiocurswa/1102evo2.swa</file>
      <file t="MP3">audiocurmp3/1102evo2.mp3</file>
(0'51'')
<intxt>Flautas e ocarina</intxt>
   </obs>
   <file t="MP3">d1/evo211.mp3</file>
   <duracao>1:18</duracao>
</doc>
