<?xml version="1.0" encoding="UTF-8"?>
<?xml-stylesheet type="text/xsl" href="arq2html.xsl" ?>
<doc>
   <prov>Minho</prov>
   <local>Celorico de Basto</local>
   <tit>Cana verde em som de guitarra</tit>
   <musico>José Alves de Mesquita (viola amarantina)</musico>
   <obs>
Partitura, versão curta
<file t="SWA">audiocurswa/0103evo2.swa</file>
      <file t="MP3">audiocurmp3/0103evo2.mp3</file>
(0'20'')
<intxt>Viola amarantina</intxt>
   </obs>
   <file t="MP3">d1/evo298.mp3</file>
   <duracao>0:36</duracao>
</doc>
