<?xml version="1.0" encoding="UTF-8"?>
<?xml-stylesheet type="text/xsl" href="arq2html.xsl" ?>
<doc>
   <prov>Trás os Montes</prov>
   <local>Moimenta de Vinhais</local>
   <tit>Alvorada</tit>
   <musico>
Carlos Gonçalves (gaita de foles); Augusto Diegues(caixa); Isaías Azevedo(bombo)
</musico>
   <obs>
Partitura, versão curta
<file t="SWA">audiocurswa/1001evo2.swa</file>
      <file t="MP3">audiocurmp3/1001evo2.mp3</file>
(0'52'')
<intxt>Gaita de Foles e Palheta</intxt>
   </obs>
   <file t="MP3">d1/evo249.mp3</file>
   <duracao>1:58</duracao>
</doc>
