<?xml version="1.0" encoding="UTF-8"?>
<?xml-stylesheet type="text/xsl" href="arq2html.xsl" ?>
<doc>
   <prov>Trás os Montes</prov>
   <local>Rio de Onor, Bragança</local>
   <tit>Carvalhesa</tit>
   <musico>
Juan Prieto Ximeno (gaita de foles); João Manuel Fernandes (tambor)
</musico>
   <obs>
Partitura, versão curta
<file t="SWA">audiocurswa/1005evo2.swa</file>
      <file t="MP3">audiocurmp3/1005evo2.mp3</file>
(1'44'')
<intxt>Gaita de Foles e Palheta</intxt>
   </obs>
   <file t="MP3">d1/evo283.mp3</file>
   <duracao>3:33</duracao>
</doc>
