<?xml version="1.0" encoding="UTF-8"?>
<?xml-stylesheet type="text/xsl" href="arq2html.xsl" ?>
<doc>
   <prov>Trás os Montes</prov>
   <local>Genísio, Miranda do Douro</local>
   <tit>Laço das campanitas; cantado e tocado</tit>
   <musico>António Inácio João (flauta)</musico>
   <obs>
Partitura, versão curta
<file t="SWA">audiocurswa/1101evo2.swa</file>
      <file t="MP3">audiocurmp3/1101evo2.mp3</file>
(0'45'')
<intxt>Flautas e Ocarina</intxt>
   </obs>
   <file t="MP3">d1/evo207.mp3</file>
   <duracao>1:19</duracao>
</doc>
