<?xml version="1.0" encoding="UTF-8"?>
<?xml-stylesheet type="text/xsl" href="arq2html.xsl" ?>
<doc>
   <prov>Alentejo</prov>
   <local>Santa Vitória, Beja</local>
   <tit>Murianos é bom povo</tit>
   <musico>Jorge Montes Caranova (viola campaniça)</musico>
   <obs>
Partitura, versão curta
<file t="SWA">audiocurswa/0403evo0.swa</file>
      <file t="MP3">audiocurmp3/0403evo0.mp3</file>
(0'34'')
<intxt>Viola campaniça</intxt>
   </obs>
   <file t="MP3">d1/evo002.mp3</file>
   <duracao>1:10</duracao>
</doc>
