<?xml version="1.0" encoding="UTF-8"?>
<?xml-stylesheet type="text/xsl" href="arq2html.xsl" ?>
<doc>
   <prov>Trás os Montes</prov>
   <local>Ifanes, Miranda do Douro</local>
   <tit>Elevação da hóstia</tit>
   <musico>José João da Igreja (gaita de foles)</musico>
   <obs>
Partitura, versão curta
<file t="SWA">audiocurswa/1003evo2.swa</file>
      <file t="MP3">audiocurmp3/1003evo2.mp3</file>
(0'48'')
<intxt>Gaita de Foles e Palheta</intxt>
   </obs>
   <file t="MP3">d1/evo231.mp3</file>
   <duracao>1:33</duracao>
</doc>
