<?xml version="1.0" encoding="UTF-8"?>
<?xml-stylesheet type="text/xsl" href="arq2html.xsl" ?>
<doc>
   <prov>Trás os Montes</prov>
   <local>Moimenta de Vinhais</local>
   <tit>Carvalhesa</tit>
   <musico>
Carlos Gonçalves (gaita de foles); Maria do Carmo Garcia(pandeiro); Iría dos Anjos(ferranholas)
</musico>
   <obs>
Partitura, versão curta
<file t="SWA">audiocurswa/1002evo2.swa</file>
      <file t="MP3">audiocurmp3/1002evo2.mp3</file>
(1'05'')
<intxt>Gaita de Foles e Palheta</intxt>
   </obs>
   <file t="MP3">d1/evo250.mp3</file>
   <duracao>2:05</duracao>
</doc>
