<?xml version="1.0" encoding="UTF-8"?>
<?xml-stylesheet type="text/xsl" href="arq2html.xsl" ?>
<doc>
   <prov>Minho</prov>
   <local>Bravães, Ponte da Barca</local>
   <tit>Carolina anda à varanda; Zés Pereiras</tit>
   <inst>Gaita de Foles (2); Bombos;Caixas</inst>
   <obs>
Partitura, versão curta
<file t="SWA">audiocurswa/1006evo0.swa</file>
      <file t="MP3">audiocurmp3/1006evo0.mp3</file>
(0'44'')
<intxt>Gaitas de foles e palheta</intxt>
   </obs>
   <file t="MP3">d1/evo029.mp3</file>
   <duracao>1:41</duracao>
</doc>
