<?xml version="1.0" encoding="UTF-8"?>
<?xml-stylesheet type="text/xsl" href="arq2html.xsl" ?>
<doc>
   <prov>Alentejo</prov>
   <local>Santa Vitória, Beja</local>
   <tit>Afinação da viola campaniça</tit>
   <musico>Jorge Montes Caranova (viola campaniça)</musico>
   <obs>
Partitura, versão curta
<file t="SWA">audiocurswa/0401evo0.swa</file>
      <file t="MP3">audiocurmp3/0401evo0.mp3</file>
(0'13'')
<intxt>Viola campaniça</intxt>
   </obs>
   <file t="MP3">d1/evo004.mp3</file>
   <duracao>0:20</duracao>
</doc>
