<?xml version="1.0" encoding="UTF-8"?>
<?xml-stylesheet type="text/xsl" href="arq2html.xsl" ?>
<doc>
   <prov>Beira Baixa</prov>
   <local>Penha Garcia</local>
   <tit>Parabéns e serenata aos noivos</tit>
   <musico>Catarina Chitas; Manuel Moreira (viola beiroa)</musico>
   <obs>
Partitura, versão curta
<file t="SWA">audiocurswa/0203evo0.swa</file>
      <file t="MP3">audiocurmp3/0203evo0.mp3</file>
(0'49'')
<intxt>Viola beiroa</intxt>
   </obs>
   <file t="MP3">d1/evo005.mp3</file>
   <duracao>1:46</duracao>
</doc>
