<?xml version="1.0" encoding="UTF-8"?>
<?xml-stylesheet type="text/xsl" href="arq2html.xsl" ?>
<doc>
   <prov>Beira Baixa</prov>
   <local>Penha Garcia</local>
   <tit>Afinação da viola beiroa</tit>
   <musico>Catarina Chitas; Manuel Moreira (viola beiroa)</musico>
   <obs>
Partitura, versão curta
<file t="SWA">audiocurswa/0201evo0.swa</file>
      <file t="MP3">audiocurmp3/0201evo0.mp3</file>
(0'15'')
<intxt>Viola Beiroa</intxt>
   </obs>
   <file t="MP3">d1/evo008.mp3</file>
   <duracao>0:25</duracao>
</doc>
